Category: All categories,,,,,,,,,
"Liga MX: (6/17/22, 11:31 AM - 6/24/22, 11:31 AM, Mexico)",,,,,,,,,
,,,,,,,,,
TOP,,,,,,,,,
cruz azul,3,,,,,,,,
altas y bajas liga mx,3,,,,,,,,
apertura 2022,3,,,,,,,,
chivas,3,,,,,,,,
pumas,3,,,,,,,,
resultados liga mx,3,,,,,,,,
liga mexicana,3,,,,,,,,
liga mx apertura 2022,3,,,,,,,,
partidos de hoy,3,,,,,,,,
partidos de hoy liga mx,3,,,,,,,,
calendario liga mx,4,,,,,,,,
partidos hoy liga mx,4,,,,,,,,
ligamx,4,,,,,,,,
futbol liga mx,4,,,,,,,,
liga mx partidos,7,,,,,,,,
america,7,,,,,,,,
futbol mexicano,7,,,,,,,,
tabla liga mx,9,,,,,,,,
liga mx hoy,10,,,,,,,,
futbol,11,,,,,,,,
la liga,13,,,,,,,,
la liga mx,13,,,,,,,,
liga mx 2022,19,,,,,,,,
liga mx,100,,,,,,,,
liga,100,,,,,,,,
,,,,,,,,,
RISING,,,,,,,,,
carlos rotondi,Breakout,,,,,,,,
concacaf sub-20,Breakout,,,,,,,,
cabecita rodríguez,3650%,,,,,,,,
jonathan rodríguez,2900%,,,,,,,,
radamel falcao,2750%,,,,,,,,
mauro manotas,2450%,,,,,,,,<
america vs leon amistoso,2100%,,,,,,,,
sub 20 concacaf,1800%,,,,,,,,
america vs pumas amistoso,1450%,,,,,,,,
america vs pumas,1350%,,,,,,,,
diego costa,1150%,,,,,,,,
tigres vs santos,850%,,,,,,,,
chivas vs atlas amistoso,800%,,,,,,,,
seleccion mexicana sub 20,800%,,,,,,,,
monterrey vs pumas,750%,,,,,,,,
juan otero,650%,,,,,,,,
américa vs pumas,650%,,,,,,,,
tour aguila,500%,,,,,,,,
amistosos liga mx,450%,,,,,,,,
amistosos,400%,,,,,,,,
carlos gonzalez,400%,,,,,,,,
partidos amistosos hoy liga mx,400%,,,,,,,,
partidos amistosos hoy,350%,,,,,,,,
partidos amistosos liga mx,300%,,,,,,,,
america vs,160%,,,,,,,,
